Id,n_patches,patch_01,patch_02,patch_03,patch_04,patch_05,patch_06,patch_07,patch_08,patch_09,patch_10,patch_11,patch_12,patch_13,patch_14,patch_15,patch_16,patch_17,patch_18,patch_19,patch_20,patch_21,patch_22,patch_23,patch_24,patch_25,patch_26,patch_27,patch_28,patch_29,patch_30,patch_31,patch_32,patch_33,patch_34,patch_35,patch_36,patch_37,patch_38,patch_39,patch_40,patch_41,patch_42,patch_43,patch_44,patch_45,patch_46,patch_47,patch_48,patch_49,patch_50,patch_51,patch_52,patch_53,patch_54,patch_55,patch_56,patch_57,patch_58,patch_59,patch_60,patch_61,patch_62,patch_63,patch_64,patch_65,patch_66,patch_67,patch_68,patch_69,patch_70,patch_71,patch_72,patch_73,patch_74,patch_75,patch_76,patch_77,patch_78,patch_79,patch_80,patch_81,patch_82,patch_83,patch_84,patch_85,patch_86,patch_87,constellation
constellation_01,23,-1,"(1490, 1649, 0)","(1824, 2524, 0)",-1,"(447, 1511, 1)","(1137, 1626, 0)","(1004, 1671, 0)","(790, 440, 0)","(1798, 2212, 0)","(1835, 1612, 0)",-1,"(1126, 1565, 0)","(1631, 1672, 0)","(909, 1162, 0)","(1662, 2467, 0)","(946, 1551, 1)",-1,"(2365, 2056, 0)","(1335, 1800, 1)",-1,"(2065, 704, 1)","(2101, 1180, 1)","(1662, 778, 1)",-1,-1,-1,-1,-1,-1,-1,-1,-1,-1,-1,-1,-1,-1,-1,-1,-1,-1,-1,-1,-1,-1,-1,-1,-1,-1,-1,-1,-1,-1,-1,-1,-1,-1,-1,-1,-1,-1,-1,-1,-1,-1,-1,-1,-1,-1,-1,-1,-1,-1,-1,-1,-1,-1,-1,-1,-1,-1,-1,-1,-1,-1,-1,-1,ophiuchus
constellation_02,24,"(1115, 1060, 1)","(799, 1577, 1)","(1535, 404, 0)","(1348, 633, 0)",-1,"(753, 1868, 1)","(2500, 508, 0)","(706, 2024, 0)","(532, 181, 0)",-1,-1,"(2323, 72, 0)",-1,"(1451, 702, 1)","(1991, 957, 0)",-1,"(2166, 2580, 0)","(1860, 1629, 1)","(951, 2222, 0)","(1066, 2175, 0)","(1463, 1183, 0)",-1,-1,"(1175, 2044, 1)",-1,-1,-1,-1,-1,-1,-1,-1,-1,-1,-1,-1,-1,-1,-1,-1,-1,-1,-1,-1,-1,-1,-1,-1,-1,-1,-1,-1,-1,-1,-1,-1,-1,-1,-1,-1,-1,-1,-1,-1,-1,-1,-1,-1,-1,-1,-1,-1,-1,-1,-1,-1,-1,-1,-1,-1,-1,-1,-1,-1,-1,-1,-1,corona-australis
constellation_03,31,-1,-1,"(2029, 336, 1)",-1,-1,"(624, 578, 0)",-1,-1,-1,-1,-1,-1,-1,"(2535, 1028, 0)",-1,-1,"(2169, 1739, 0)",-1,"(1826, 1645, 0)",-1,"(994, 1935, 1)","(1799, 2853, 0)",-1,-1,"(970, 77, 0)",-1,-1,"(2011, 1375, 1)","(1373, 1160, 1)","(2723, 2118, 0)","(1999, 760, 1)",-1,-1,-1,-1,-1,-1,-1,-1,-1,-1,-1,-1,-1,-1,-1,-1,-1,-1,-1,-1,-1,-1,-1,-1,-1,-1,-1,-1,-1,-1,-1,-1,-1,-1,-1,-1,-1,-1,-1,-1,-1,-1,-1,-1,-1,-1,-1,-1,-1,-1,-1,-1,-1,-1,-1,-1,camelopardalis
constellation_04,54,"(1174, 294, 0)","(1280, 2612, 0)",-1,"(1585, 1524, 1)","(772, 378, 0)","(1865, 1917, 1)","(164, 1871, 0)","(2276, 1888, 0)",-1,-1,"(1059, 2652, 0)",-1,-1,"(1479, 459, 1)","(257, 1956, 0)",-1,-1,"(660, 1252, 1)","(1324, 2568, 0)","(1244, 2727, 0)",-1,-1,-1,"(547, 1593, 0)","(39, 2184, 0)","(1634, 1972, 1)",-1,"(1656, 79, 0)","(1724, 2468, 1)","(1029, 890, 1)",-1,"(677, 637, 0)",-1,"(1828, 107, 0)","(2633, 1203, 1)",-1,-1,-1,"(803, 2025, 0)","(1283, 2683, 0)",-1,"(1590, 904, 0)",-1,-1,-1,"(1294, 335, 0)","(187, 1234, 0)","(1629, 1276, 0)",-1,-1,"(1590, 2130, 1)",-1,-1,"(1458, 1709, 1)",-1,-1,-1,-1,-1,-1,-1,-1,-1,-1,-1,-1,-1,-1,-1,-1,-1,-1,-1,-1,-1,-1,-1,-1,-1,-1,-1,-1,-1,-1,-1,-1,-1,canis-major
constellation_05,87,-1,"(524, 1760, 0)","(919, 689, 0)",-1,-1,-1,-1,"(482, 804, 0)","(1384, 1241, 1)","(2361, 1023, 0)",-1,-1,-1,-1,"(940, 2419, 0)","(542, 1408, 0)",-1,"(2016, 988, 0)","(587, 943, 0)",-1,-1,"(244, 543, 0)","(2139, 267, 0)",-1,"(2754, 146, 0)","(1019, 1588, 1)","(828, 824, 1)",-1,"(1156, 2672, 0)",-1,"(2458, 1192, 1)","(1119, 2001, 0)",-1,"(911, 2348, 0)","(1318, 1839, 0)",-1,"(716, 506, 0)","(1068, 942, 1)",-1,"(2395, 2896, 0)","(893, 2807, 0)","(832, 2424, 0)","(365, 656, 0)","(1568, 1510, 1)",-1,"(1575, 759, 0)","(285, 138, 0)","(2684, 2392, 0)",-1,"(116, 675, 0)",-1,-1,-1,"(1052, 1081, 1)","(484, 1112, 0)",-1,-1,-1,"(222, 1355, 0)","(201, 1196, 0)",-1,-1,"(361, 781, 0)","(2719, 2799, 0)",-1,-1,"(846, 1127, 1)","(254, 1731, 0)",-1,-1,-1,"(936, 965, 1)",-1,-1,-1,"(2878, 624, 0)","(1499, 1426, 1)","(2606, 2010, 1)","(151, 1141, 0)","(815, 1433, 1)",-1,-1,"(1620, 183, 0)","(471, 216, 0)",-1,-1,"(1238, 1951, 0)",carina
constellation_06,61,-1,"(1888, 1623, 0)",-1,-1,"(1257, 1506, 0)","(1272, 2138, 1)","(2335, 1862, 0)","(1550, 1999, 0)","(2538, 1295, 0)","(2465, 1367, 0)","(2679, 1180, 0)","(1000, 1699, 1)",-1,-1,"(2786, 454, 0)","(2642, 468, 0)","(2529, 528, 0)",-1,-1,-1,-1,"(2761, 548, 0)",-1,-1,"(2714, 636, 0)",-1,-1,"(1184, 2036, 1)",-1,-1,"(2208, 659, 0)","(1872, 1442, 1)","(1091, 1834, 1)","(2491, 1624, 1)","(1711, 2099, 1)","(1056, 2677, 1)","(1567, 2839, 0)",-1,-1,"(2409, 610, 0)",-1,"(1772, 1557, 1)",-1,"(1147, 2025, 1)",-1,"(1670, 1618, 1)","(2159, 1344, 1)",-1,"(2399, 1140, 0)",-1,-1,"(2054, 1739, 0)","(2651, 1318, 0)",-1,-1,-1,"(2305, 1214, 0)",-1,-1,-1,"(2003, 2559, 1)",-1,-1,-1,-1,-1,-1,-1,-1,-1,-1,-1,-1,-1,-1,-1,-1,-1,-1,-1,-1,-1,-1,-1,-1,-1,-1,centaurus
constellation_07,24,"(216, 1671, 0)","(547, 1313, 0)","(1515, 2778, 0)",-1,"(1629, 2073, 1)","(1956, 1923, 0)",-1,"(248, 1567, 0)","(963, 2627, 0)","(2760, 2232, 0)","(1475, 1823, 1)","(2576, 2243, 0)",-1,-1,"(1933, 1367, 1)",-1,"(556, 488, 0)","(2226, 1333, 1)","(1945, 2151, 1)",-1,-1,"(1846, 2262, 1)","(1386, 1048, 1)",-1,-1,-1,-1,-1,-1,-1,-1,-1,-1,-1,-1,-1,-1,-1,-1,-1,-1,-1,-1,-1,-1,-1,-1,-1,-1,-1,-1,-1,-1,-1,-1,-1,-1,-1,-1,-1,-1,-1,-1,-1,-1,-1,-1,-1,-1,-1,-1,-1,-1,-1,-1,-1,-1,-1,-1,-1,-1,-1,-1,-1,-1,-1,-1,perseus
constellation_08,37,"(549, 2408, 0)","(1478, 420, 0)","(1375, 307, 0)",-1,"(1302, 2085, 1)","(1799, 1914, 0)",-1,"(2288, 895, 0)","(1270, 623, 1)","(1230, 1146, 1)",-1,-1,-1,"(1426, 1722, 1)",-1,"(2059, 1835, 0)","(1752, 214, 0)","(1380, 632, 1)","(1049, 728, 0)","(887, 2296, 0)","(1437, 2522, 0)",-1,-1,-1,"(904, 164, 0)","(1944, 1601, 1)","(829, 2484, 0)","(2521, 664, 0)","(1768, 1777, 0)","(1649, 1350, 1)",-1,"(2010, 1568, 1)",-1,"(717, 1424, 0)",-1,-1,"(1474, 2688, 0)",-1,-1,-1,-1,-1,-1,-1,-1,-1,-1,-1,-1,-1,-1,-1,-1,-1,-1,-1,-1,-1,-1,-1,-1,-1,-1,-1,-1,-1,-1,-1,-1,-1,-1,-1,-1,-1,-1,-1,-1,-1,-1,-1,-1,-1,-1,-1,-1,-1,-1,orion
constellation_10,60,-1,-1,-1,"(2209, 802, 0)","(1147, 325, 0)",-1,-1,-1,"(1195, 407, 0)",-1,-1,"(2059, 820, 1)",-1,"(1850, 1190, 0)","(2423, 871, 0)",-1,-1,"(2201, 1351, 0)","(1803, 1762, 1)","(2182, 1513, 0)",-1,"(680, 1484, 1)","(2553, 1349, 0)",-1,"(2047, 2462, 1)","(1773, 2082, 1)",-1,"(727, 1600, 0)",-1,"(2167, 1825, 0)",-1,-1,-1,"(2440, 1161, 0)","(2755, 1106, 0)",-1,"(1777, 2134, 1)","(1017, 1669, 1)",-1,-1,-1,"(2307, 1653, 0)","(2620, 1932, 1)","(1602, 1383, 1)","(1428, 2489, 1)","(2588, 1868, 0)",-1,"(1318, 1140, 0)","(635, 609, 1)",-1,-1,-1,"(1411, 1466, 0)","(1758, 914, 1)","(1560, 2302, 1)","(2579, 773, 0)","(2329, 2009, 1)","(414, 1157, 1)",-1,-1,-1,-1,-1,-1,-1,-1,-1,-1,-1,-1,-1,-1,-1,-1,-1,-1,-1,-1,-1,-1,-1,-1,-1,-1,-1,-1,-1,centaurus
constellation_11,52,-1,"(2868, 2520, 0)",-1,-1,"(1177, 2332, 0)","(2722, 1947, 0)","(30, 73, 0)","(883, 1766, 1)","(2128, 1971, 0)",-1,"(1256, 2794, 0)","(2119, 1827, 1)",-1,"(2021, 2123, 0)","(1659, 1976, 1)",-1,"(503, 418, 0)","(1036, 1235, 0)","(1332, 1801, 1)",-1,-1,"(937, 933, 0)","(1210, 1693, 1)","(945, 2402, 1)","(1611, 1159, 1)",-1,"(1835, 1723, 1)",-1,"(1655, 1342, 1)","(2403, 2426, 0)",-1,"(544, 2780, 0)","(641, 1815, 1)",-1,-1,-1,-1,-1,"(860, 2845, 0)","(681, 619, 0)",-1,"(620, 2623, 0)","(1012, 2072, 1)",-1,-1,-1,"(1003, 1794, 1)","(1845, 1456, 1)","(1912, 2226, 0)","(668, 2678, 0)","(349, 2656, 0)","(2527, 1856, 0)",-1,-1,-1,-1,-1,-1,-1,-1,-1,-1,-1,-1,-1,-1,-1,-1,-1,-1,-1,-1,-1,-1,-1,-1,-1,-1,-1,-1,-1,-1,-1,-1,-1,-1,-1,canis-major
constellation_12,28,-1,"(2161, 1652, 1)","(2238, 1933, 0)","(1606, 350, 1)",-1,"(1236, 1498, 0)",-1,"(1436, 874, 0)",-1,"(2550, 2157, 1)","(2685, 2355, 0)","(2151, 2388, 1)",-1,"(1195, 556, 1)","(1886, 1241, 1)","(2068, 833, 1)","(2202, 2175, 1)",-1,-1,"(356, 70, 0)","(1271, 753, 1)","(732, 943, 0)",-1,"(712, 487, 0)","(546, 81, 0)","(1282, 1179, 0)",-1,"(2135, 2816, 0)",-1,-1,-1,-1,-1,-1,-1,-1,-1,-1,-1,-1,-1,-1,-1,-1,-1,-1,-1,-1,-1,-1,-1,-1,-1,-1,-1,-1,-1,-1,-1,-1,-1,-1,-1,-1,-1,-1,-1,-1,-1,-1,-1,-1,-1,-1,-1,-1,-1,-1,-1,-1,-1,-1,-1,-1,-1,-1,-1,lupus
constellation_13,32,-1,"(316, 760, 0)",-1,-1,"(1853, 2713, 0)","(1611, 715, 1)","(1890, 1587, 1)","(637, 1358, 1)","(1579, 2385, 1)","(956, 1304, 0)","(2915, 1756, 0)","(1580, 2255, 1)",-1,"(2308, 1959, 0)","(1658, 2623, 0)",-1,-1,"(1860, 1441, 1)","(1476, 1048, 1)","(2368, 1319, 0)",-1,-1,-1,-1,-1,-1,-1,"(1844, 1462, 0)",-1,"(1774, 2675, 0)","(2334, 1113, 0)","(387, 1608, 0)",-1,-1,-1,-1,-1,-1,-1,-1,-1,-1,-1,-1,-1,-1,-1,-1,-1,-1,-1,-1,-1,-1,-1,-1,-1,-1,-1,-1,-1,-1,-1,-1,-1,-1,-1,-1,-1,-1,-1,-1,-1,-1,-1,-1,-1,-1,-1,-1,-1,-1,-1,-1,-1,-1,-1,aquila
constellation_14,36,"(1204, 1277, 0)","(2053, 1780, 1)",-1,-1,"(1735, 1258, 0)","(1387, 820, 1)","(2048, 1114, 1)",-1,-1,"(1557, 1378, 0)",-1,"(569, 1254, 1)",-1,"(958, 1915, 0)",-1,"(2290, 694, 0)","(989, 800, 1)","(2045, 362, 0)","(1260, 77, 0)",-1,-1,-1,-1,-1,"(967, 2426, 0)",-1,-1,-1,-1,"(708, 1771, 1)","(1720, 849, 1)",-1,-1,-1,-1,-1,-1,-1,-1,-1,-1,-1,-1,-1,-1,-1,-1,-1,-1,-1,-1,-1,-1,-1,-1,-1,-1,-1,-1,-1,-1,-1,-1,-1,-1,-1,-1,-1,-1,-1,-1,-1,-1,-1,-1,-1,-1,-1,-1,-1,-1,-1,-1,-1,-1,-1,-1,corona-borealis
constellation_15,69,-1,"(1412, 1987, 0)",-1,"(2185, 2018, 0)",-1,-1,"(2464, 623, 0)",-1,"(2493, 767, 0)","(1846, 1690, 1)","(2243, 1973, 0)",-1,-1,"(1392, 1931, 0)","(1612, 199, 0)",-1,"(2928, 665, 0)","(1656, 1473, 0)","(2901, 2680, 0)","(1448, 1464, 1)","(536, 323, 0)","(2311, 1496, 0)",-1,-1,-1,"(2896, 2415, 0)",-1,-1,"(2877, 1870, 0)","(2921, 2865, 0)",-1,-1,"(1205, 882, 1)","(1628, 1320, 1)",-1,"(1843, 1097, 0)","(1499, 1816, 0)","(1288, 2217, 1)","(547, 805, 0)",-1,"(980, 2105, 1)","(1772, 346, 0)","(1257, 936, 1)","(1828, 1245, 1)",-1,"(2710, 2280, 0)",-1,"(1422, 1816, 0)",-1,"(2364, 456, 0)",-1,"(1399, 1358, 1)","(397, 1890, 0)","(1071, 1236, 1)","(1413, 1067, 1)","(919, 2282, 0)","(411, 673, 0)","(797, 1420, 1)","(2262, 2187, 0)",-1,"(2799, 2061, 0)","(1269, 686, 0)","(1908, 1815, 1)","(2509, 2265, 0)","(1894, 1466, 1)","(1524, 1287, 1)","(1916, 2063, 0)","(819, 2459, 0)",-1,-1,-1,-1,-1,-1,-1,-1,-1,-1,-1,-1,-1,-1,-1,-1,-1,-1,-1,sagittarius
constellation_16,21,-1,"(653, 1898, 0)","(464, 1834, 0)","(1257, 107, 0)","(1472, 2611, 0)","(1082, 2237, 0)",-1,-1,"(462, 2246, 0)",-1,-1,"(1051, 2011, 0)","(2507, 470, 1)","(516, 1993, 0)",-1,"(450, 1393, 1)",-1,"(2123, 371, 0)",-1,"(347, 872, 0)",-1,-1,-1,-1,-1,-1,-1,-1,-1,-1,-1,-1,-1,-1,-1,-1,-1,-1,-1,-1,-1,-1,-1,-1,-1,-1,-1,-1,-1,-1,-1,-1,-1,-1,-1,-1,-1,-1,-1,-1,-1,-1,-1,-1,-1,-1,-1,-1,-1,-1,-1,-1,-1,-1,-1,-1,-1,-1,-1,-1,-1,-1,-1,-1,-1,-1,-1,norma
constellation_17,29,"(894, 2151, 0)","(1207, 661, 0)",-1,-1,-1,"(1913, 830, 1)",-1,-1,-1,"(2554, 1364, 1)",-1,"(1913, 829, 0)","(1610, 812, 0)","(1288, 2178, 0)",-1,-1,"(2532, 1207, 1)",-1,"(805, 2027, 0)",-1,"(1986, 1243, 0)",-1,-1,"(2895, 1307, 1)","(2649, 855, 0)",-1,"(652, 701, 0)","(2047, 1002, 1)","(2245, 1168, 1)",-1,-1,-1,-1,-1,-1,-1,-1,-1,-1,-1,-1,-1,-1,-1,-1,-1,-1,-1,-1,-1,-1,-1,-1,-1,-1,-1,-1,-1,-1,-1,-1,-1,-1,-1,-1,-1,-1,-1,-1,-1,-1,-1,-1,-1,-1,-1,-1,-1,-1,-1,-1,-1,-1,-1,-1,-1,-1,ursa-minor
